age,screen_time_hours,work_screen_hours,leisure_screen_hours,sleep_hours,productivity_0_100,mental_wellness_index_0_100,work_screen_ratio,work_leisure_ratio,gender_Female,gender_Male,gender_Non-binary/Other,occupation_Employed,occupation_Retired,occupation_Self-employed,occupation_Student,occupation_Unemployed,work_mode_Hybrid,work_mode_In-person,work_mode_Remote
33,10.79,5.44,5.35,6.63,44.7,9.3,0.5041705282669139,1.0168224299065423,1,0,0,1,0,0,0,0,0,0,1
28,7.4,0.37,7.03,8.05,78.0,56.2,0.049999999999999996,0.05263157894736842,1,0,0,1,0,0,0,0,0,1,0
35,9.78,1.09,8.69,6.48,51.8,3.6,0.11145194274028632,0.12543153049482164,1,0,0,1,0,0,0,0,1,0,0
42,11.13,0.56,10.57,6.89,37.0,0.0,0.050314465408805034,0.05298013245033113,0,1,0,1,0,0,0,0,1,0,0
28,13.22,4.09,9.13,5.79,38.5,0.0,0.30937972768532523,0.44797371303395395,0,1,0,0,0,0,1,0,0,0,1
28,9.83,0.53,9.3,7.19,44.0,5.0,0.05391658189216684,0.05698924731182795,0,0,1,0,0,1,0,0,1,0,0
42,6.02,2.82,3.2,7.44,64.8,43.7,0.4684385382059801,0.8812499999999999,0,0,1,0,1,0,0,0,0,0,1
36,6.21,0.75,5.46,6.78,87.0,54.3,0.12077294685990338,0.13736263736263737,0,1,0,1,0,0,0,0,0,1,0
34,9.37,0.84,8.53,7.78,42.2,10.7,0.0896478121664888,0.09847596717467762,0,1,0,1,0,0,0,0,1,0,0
26,9.87,3.02,6.85,6.4,55.9,21.8,0.3059777102330294,0.4408759124087592,0,1,0,0,0,0,1,0,0,0,1
16,7.86,4.33,3.53,7.59,70.7,40.9,0.5508905852417303,1.226628895184136,1,0,0,1,0,0,0,0,0,0,1
16,9.07,0.79,8.28,5.54,53.2,10.7,0.08710033076074973,0.09541062801932368,0,1,0,1,0,0,0,0,1,0,0
25,13.49,2.82,10.67,7.13,37.6,0.0,0.2090437361008154,0.2642924086223055,0,1,0,1,0,0,0,0,1,0,0
21,8.86,0.82,8.04,6.53,60.3,10.5,0.09255079006772009,0.10199004975124379,1,0,0,1,0,0,0,0,0,1,0
32,7.13,0.82,6.31,7.06,49.0,29.5,0.1150070126227209,0.12995245641838352,0,1,0,0,0,1,0,0,1,0,0
22,8.18,0.7,7.48,9.2,85.1,68.9,0.08557457212713936,0.09358288770053474,0,1,0,0,0,0,1,0,1,0,0
18,10.26,5.73,4.53,6.98,52.0,10.8,0.5584795321637428,1.2649006622516556,1,0,0,0,0,0,1,0,0,0,1
41,10.14,3.29,6.85,6.68,48.1,0.0,0.3244575936883629,0.48029197080291974,1,0,0,0,0,0,1,0,0,0,1
28,7.52,2.89,4.63,5.49,53.1,18.2,0.3843085106382979,0.6241900647948164,0,1,0,0,0,0,0,1,0,0,1
30,7.67,1.65,6.02,8.36,76.4,53.5,0.2151238591916558,0.27408637873754155,0,1,0,0,0,1,0,0,0,1,0
18,5.74,2.33,3.41,6.34,77.3,48.7,0.4059233449477352,0.6832844574780058,0,1,0,1,0,0,0,0,0,0,1
25,8.93,0.45,8.48,6.21,50.3,0.7,0.0503919372900336,0.05306603773584906,0,1,0,1,0,0,0,0,0,1,0
30,7.05,0.8,6.25,7.08,51.0,1.8,0.11347517730496455,0.128,0,1,0,1,0,0,0,0,1,0,0
20,11.3,5.17,6.13,7.74,53.3,4.6,0.45752212389380525,0.8433931484502447,0,1,0,0,0,0,1,0,0,0,1
33,6.61,0.33,6.28,8.06,60.0,42.8,0.049924357034795766,0.052547770700636945,0,1,0,0,0,0,0,1,0,1,0
25,7.43,0.73,6.7,7.11,61.1,28.9,0.09825033647375504,0.10895522388059702,0,1,0,1,0,0,0,0,1,0,0
27,9.57,0.48,9.09,7.18,38.0,0.9,0.050156739811912224,0.052805280528052806,1,0,0,1,0,0,0,0,0,1,0
25,6.37,0.78,5.59,6.91,52.1,11.1,0.12244897959183673,0.13953488372093023,1,0,0,1,0,0,0,0,0,1,0
29,6.89,1.25,5.64,7.42,60.3,17.2,0.181422351233672,0.22163120567375888,0,1,0,0,0,0,1,0,0,0,1
21,11.38,0.57,10.81,7.38,57.0,2.4,0.050087873462214404,0.05272895467160036,0,1,0,1,0,0,0,0,1,0,0
36,13.05,0.65,12.4,7.28,39.6,0.0,0.04980842911877394,0.05241935483870968,0,1,0,0,0,0,1,0,0,1,0
20,7.47,3.01,4.46,7.57,53.6,14.8,0.40294511378848724,0.6748878923766816,1,0,0,1,0,0,0,0,0,0,1
31,9.93,1.89,8.04,6.63,45.7,2.2,0.1903323262839879,0.23507462686567165,1,0,0,0,0,0,1,0,1,0,0
16,8.08,1.25,6.83,7.64,68.1,57.6,0.1547029702970297,0.18301610541727673,1,0,0,1,0,0,0,0,1,0,0
19,7.88,0.39,7.49,7.03,49.8,17.7,0.04949238578680203,0.0520694259012016,1,0,0,1,0,0,0,0,0,1,0
31,8.81,3.92,4.89,6.22,51.6,12.5,0.4449489216799092,0.801635991820041,0,1,0,1,0,0,0,0,0,0,1
35,5.65,0.36,5.29,7.28,67.4,35.2,0.06371681415929203,0.06805293005671077,1,0,0,1,0,0,0,0,0,1,0
31,9.31,0.65,8.66,7.08,51.7,30.4,0.06981740064446831,0.07505773672055427,1,0,0,1,0,0,0,0,0,1,0
29,7.72,5.52,2.2,7.96,77.7,62.2,0.7150259067357513,2.509090909090909,0,1,0,1,0,0,0,0,0,0,1
27,11.81,4.64,7.17,6.45,37.6,0.0,0.392887383573243,0.6471408647140864,1,0,0,1,0,0,0,0,0,0,1
18,6.71,0.74,5.97,6.31,58.8,23.3,0.11028315946348734,0.12395309882747069,1,0,0,1,0,0,0,0,0,1,0
24,6.1,1.57,4.53,7.47,79.6,53.0,0.2573770491803279,0.3465783664459161,0,1,0,0,0,0,0,1,0,0,1
26,7.46,1.45,6.01,7.33,49.2,23.7,0.19436997319034852,0.24126455906821964,1,0,0,1,0,0,0,0,0,1,0
32,9.93,3.77,6.16,7.67,52.8,18.5,0.3796576032225579,0.612012987012987,0,1,0,0,0,0,1,0,0,0,1
16,13.29,0.99,12.3,7.08,27.1,0.0,0.0744920993227991,0.08048780487804877,0,1,0,1,0,0,0,0,0,1,0
32,6.77,0.36,6.41,6.93,56.8,27.3,0.053175775480059084,0.05616224648985959,1,0,0,1,0,0,0,0,1,0,0
26,10.25,5.59,4.66,6.33,38.5,0.3,0.5453658536585366,1.1995708154506437,0,1,0,0,0,0,1,0,0,0,1
24,8.75,1.6,7.15,6.2,44.9,0.0,0.18285714285714286,0.22377622377622378,1,0,0,1,0,0,0,0,1,0,0
34,10.13,0.51,9.62,7.48,44.8,1.5,0.05034550839091806,0.05301455301455302,1,0,0,1,0,0,0,0,1,0,0
38,9.47,2.4,7.07,8.22,60.0,34.4,0.25343189017951423,0.3394625176803394,1,0,0,1,0,0,0,0,0,0,1
37,7.57,0.42,7.15,7.08,51.7,27.4,0.05548216644649934,0.05874125874125874,0,0,1,1,0,0,0,0,1,0,0
23,6.76,0.55,6.21,7.12,74.0,39.1,0.08136094674556214,0.08856682769726248,1,0,0,0,0,0,1,0,0,1,0
27,7.82,2.5,5.32,8.37,81.0,44.1,0.319693094629156,0.4699248120300752,1,0,0,0,0,0,1,0,0,0,1
32,11.49,1.1,10.39,7.1,67.8,29.9,0.09573542210617929,0.10587102983638114,0,1,0,1,0,0,0,0,1,0,0
37,8.89,1.91,6.98,7.49,40.3,19.8,0.21484814398200222,0.2736389684813753,1,0,0,1,0,0,0,0,1,0,0
26,10.09,0.68,9.41,5.89,46.3,4.5,0.0673934588701685,0.07226354941551541,1,0,0,1,0,0,0,0,0,1,0
28,9.02,2.67,6.35,7.57,45.8,2.3,0.2960088691796009,0.4204724409448819,1,0,0,1,0,0,0,0,0,0,1
21,11.16,1.46,9.7,5.89,42.2,3.8,0.13082437275985662,0.1505154639175258,1,0,0,0,0,0,1,0,0,1,0
20,7.3,1.65,5.65,6.3,51.1,9.8,0.22602739726027396,0.29203539823008845,1,0,0,0,0,1,0,0,1,0,0
36,6.95,3.9,3.05,7.14,48.3,0.0,0.5611510791366906,1.278688524590164,1,0,0,1,0,0,0,0,0,0,1
40,5.5,2.5,3.0,7.21,86.3,60.6,0.45454545454545453,0.8333333333333334,0,1,0,1,0,0,0,0,0,0,1
29,11.02,1.59,9.43,6.56,38.0,13.2,0.1442831215970962,0.16861081654294804,1,0,0,1,0,0,0,0,0,0,1
38,8.47,0.94,7.53,6.06,50.3,18.2,0.11097992916174733,0.12483399734395749,1,0,0,1,0,0,0,0,1,0,0
32,6.92,1.07,5.85,8.15,76.5,57.0,0.15462427745664742,0.18290598290598292,0,1,0,1,0,0,0,0,1,0,0
24,8.23,0.45,7.78,8.01,65.1,30.6,0.05467800729040097,0.05784061696658098,1,0,0,0,0,0,1,0,0,1,0
32,7.88,0.39,7.49,5.68,59.0,19.6,0.04949238578680203,0.0520694259012016,0,1,0,0,0,0,0,1,1,0,0
29,5.41,0.44,4.97,6.93,68.5,43.0,0.08133086876155268,0.08853118712273643,1,0,0,0,0,0,0,1,1,0,0
42,8.6,1.6,7.0,7.92,56.0,21.4,0.186046511627907,0.2285714285714286,1,0,0,1,0,0,0,0,0,1,0
16,9.13,4.07,5.06,6.84,74.5,52.8,0.4457831325301205,0.8043478260869567,1,0,0,0,0,0,1,0,0,0,1
36,9.26,4.57,4.69,7.09,51.1,5.1,0.49352051835853133,0.9744136460554371,1,0,0,1,0,0,0,0,0,0,1
30,6.61,1.82,4.79,7.26,60.5,19.3,0.27534039334341903,0.37995824634655534,1,0,0,0,0,1,0,0,0,0,1
27,3.93,1.02,2.91,8.75,88.0,68.4,0.2595419847328244,0.35051546391752575,1,0,0,1,0,0,0,0,0,1,0
30,11.75,0.88,10.87,5.65,41.5,0.0,0.0748936170212766,0.08095676172953083,1,0,0,0,0,1,0,0,1,0,0
16,7.58,0.38,7.2,7.61,67.7,61.4,0.05013192612137203,0.05277777777777778,1,0,0,1,0,0,0,0,1,0,0
28,9.14,1.99,7.15,7.89,45.5,11.7,0.21772428884026257,0.2783216783216783,1,0,0,1,0,0,0,0,0,1,0
32,5.44,0.45,4.99,8.18,88.3,56.1,0.08272058823529412,0.09018036072144288,1,0,0,0,0,1,0,0,0,1,0
41,9.86,6.39,3.47,8.89,66.3,32.6,0.6480730223123732,1.8414985590778097,1,0,0,0,0,0,1,0,0,0,1
25,8.05,1.1,6.95,6.72,55.9,17.5,0.13664596273291926,0.15827338129496404,0,1,0,1,0,0,0,0,0,1,0
25,6.32,1.72,4.6,7.32,64.4,30.8,0.2721518987341772,0.3739130434782609,0,1,0,0,1,0,0,0,0,0,1
37,10.3,2.73,7.57,7.91,50.4,12.2,0.26504854368932035,0.3606340819022457,0,1,0,0,0,0,0,1,0,0,1
32,9.24,2.53,6.71,7.03,46.5,5.0,0.2738095238095238,0.3770491803278688,1,0,0,0,0,0,1,0,0,0,1
25,8.29,1.0,7.29,6.8,58.3,34.5,0.12062726176115804,0.13717421124828533,0,1,0,1,0,0,0,0,1,0,0
34,5.52,0.92,4.6,8.66,68.7,38.1,0.16666666666666669,0.2,0,1,0,0,0,0,0,1,0,1,0
30,9.13,2.42,6.71,6.64,43.9,0.0,0.2650602409638554,0.36065573770491804,1,0,0,0,0,0,1,0,0,0,1
37,9.81,2.46,7.35,5.87,40.6,0.0,0.25076452599388377,0.3346938775510204,1,0,0,1,0,0,0,0,0,0,1
24,7.75,0.96,6.79,6.76,57.1,10.7,0.12387096774193548,0.14138438880706922,0,1,0,0,0,0,0,1,1,0,0
27,7.05,0.62,6.43,7.81,49.9,14.4,0.08794326241134752,0.0964230171073095,0,1,0,0,0,0,1,0,0,1,0
18,10.17,1.01,9.16,6.84,51.5,0.0,0.0993117010816126,0.11026200873362445,1,0,0,1,0,0,0,0,1,0,0
32,7.94,2.93,5.01,8.28,53.5,18.7,0.3690176322418136,0.5848303393213573,1,0,0,0,0,0,0,1,0,0,1
32,9.58,3.64,5.94,5.9,48.4,6.1,0.37995824634655534,0.6127946127946128,1,0,0,0,1,0,0,0,0,0,1
30,3.69,0.67,3.02,7.49,61.4,30.3,0.1815718157181572,0.2218543046357616,0,1,0,0,0,0,0,1,0,1,0
28,7.58,0.38,7.2,7.01,53.9,24.2,0.05013192612137203,0.05277777777777778,1,0,0,1,0,0,0,0,0,1,0
18,9.82,5.22,4.6,6.72,58.5,10.7,0.5315682281059063,1.1347826086956523,1,0,0,0,0,1,0,0,0,0,1
26,8.53,0.43,8.1,7.15,45.4,6.7,0.05041031652989449,0.05308641975308642,0,1,0,0,0,1,0,0,0,1,0
27,7.32,0.61,6.71,7.82,74.8,41.4,0.08333333333333333,0.09090909090909091,1,0,0,1,0,0,0,0,1,0,0
23,4.3,0.48,3.82,7.33,66.8,27.3,0.11162790697674418,0.1256544502617801,1,0,0,0,0,1,0,0,0,1,0
33,4.89,0.62,4.27,7.66,68.3,39.9,0.12678936605316973,0.14519906323185014,0,1,0,1,0,0,0,0,1,0,0
45,11.1,4.95,6.15,6.14,36.1,8.8,0.445945945945946,0.8048780487804877,1,0,0,0,0,0,1,0,0,0,1
31,10.84,0.58,10.26,6.69,36.4,0.3,0.05350553505535055,0.056530214424951264,0,1,0,0,0,0,1,0,1,0,0
32,13.9,5.84,8.06,6.22,26.0,8.7,0.4201438848920863,0.7245657568238213,1,0,0,0,0,0,1,0,0,0,1
29,12.05,2.66,9.39,6.45,44.8,4.1,0.22074688796680497,0.2832800851970181,1,0,0,1,0,0,0,0,0,0,1
16,6.34,0.35,5.99,7.33,86.8,54.7,0.055205047318611984,0.05843071786310517,0,1,0,1,0,0,0,0,1,0,0
29,11.04,0.85,10.19,6.79,42.3,4.7,0.07699275362318841,0.08341511285574092,1,0,0,1,0,0,0,0,0,1,0
30,11.19,5.16,6.03,6.38,35.9,2.5,0.4611260053619303,0.8557213930348259,1,0,0,0,0,0,1,0,0,0,1
49,10.05,0.5,9.55,8.1,56.7,32.0,0.04975124378109452,0.05235602094240837,1,0,0,1,0,0,0,0,1,0,0
28,11.94,0.6,11.34,5.65,37.3,0.9,0.05025125628140704,0.05291005291005291,1,0,0,1,0,0,0,0,0,1,0
32,7.8,4.17,3.63,6.67,52.6,14.3,0.5346153846153846,1.1487603305785123,1,0,0,1,0,0,0,0,0,0,1
29,11.23,2.25,8.98,8.93,55.1,28.6,0.20035618878005343,0.2505567928730512,1,0,0,1,0,0,0,0,1,0,0
20,8.7,1.4,7.3,6.16,56.2,2.7,0.16091954022988506,0.1917808219178082,1,0,0,1,0,0,0,0,1,0,0
36,10.12,4.82,5.3,7.53,47.2,5.0,0.47628458498023724,0.9094339622641511,0,1,0,1,0,0,0,0,0,0,1
36,10.04,2.11,7.93,5.29,52.1,6.1,0.2101593625498008,0.266078184110971,0,1,0,0,0,0,1,0,1,0,0
22,6.42,0.32,6.1,7.17,73.0,42.7,0.04984423676012461,0.05245901639344263,0,1,0,0,0,0,1,0,0,1,0
41,9.58,2.08,7.5,8.79,80.4,30.5,0.21711899791231734,0.2773333333333333,0,1,0,0,0,1,0,0,0,1,0
18,7.77,1.17,6.6,5.88,40.9,0.0,0.15057915057915058,0.17727272727272728,1,0,0,0,0,0,1,0,1,0,0
34,7.85,1.44,6.41,5.68,70.8,8.7,0.1834394904458599,0.22464898595943836,1,0,0,0,0,1,0,0,1,0,0
47,6.0,0.3,5.7,6.47,49.3,9.6,0.049999999999999996,0.05263157894736842,0,1,0,1,0,0,0,0,1,0,0
22,9.23,0.73,8.5,7.65,67.4,52.1,0.07908992416034669,0.08588235294117647,0,1,0,0,0,0,0,1,0,1,0
25,11.27,1.99,9.28,7.56,59.5,41.2,0.17657497781721385,0.2144396551724138,0,1,0,1,0,0,0,0,1,0,0
30,9.05,5.35,3.7,6.63,40.9,0.9,0.5911602209944751,1.4459459459459458,1,0,0,0,1,0,0,0,0,0,1
25,8.07,0.75,7.32,7.69,56.7,26.9,0.09293680297397769,0.10245901639344263,1,0,0,1,0,0,0,0,0,1,0
17,5.52,1.16,4.36,8.55,79.0,67.8,0.21014492753623187,0.2660550458715596,1,0,0,1,0,0,0,0,1,0,0
30,10.27,0.96,9.31,8.29,60.0,33.5,0.0934761441090555,0.10311493018259935,1,0,0,1,0,0,0,0,1,0,0
21,9.59,4.62,4.97,6.67,56.1,6.5,0.48175182481751827,0.9295774647887325,0,1,0,1,0,0,0,0,0,0,1
33,12.19,2.56,9.63,4.76,39.4,0.2,0.2100082034454471,0.26583592938733125,0,1,0,1,0,0,0,0,1,0,0
22,6.09,3.86,2.23,6.75,64.1,18.6,0.6338259441707718,1.7309417040358743,1,0,0,0,0,1,0,0,0,0,1
42,5.87,0.31,5.56,7.3,68.8,43.9,0.05281090289608177,0.05575539568345324,0,0,1,0,1,0,0,0,1,0,0
23,9.65,3.25,6.4,6.68,50.5,4.7,0.33678756476683935,0.5078125,0,1,0,1,0,0,0,0,0,0,1
27,9.13,1.44,7.69,6.85,34.4,4.4,0.15772179627601313,0.1872561768530559,1,0,0,1,0,0,0,0,1,0,0
36,5.07,1.21,3.86,8.59,79.1,45.7,0.23865877712031555,0.3134715025906736,1,0,0,1,0,0,0,0,0,1,0
20,8.14,1.22,6.92,8.1,56.2,22.3,0.14987714987714987,0.17630057803468208,1,0,0,1,0,0,0,0,0,0,1
31,11.85,1.91,9.94,6.5,41.2,2.5,0.16118143459915613,0.1921529175050302,1,0,0,0,0,0,1,0,0,1,0
40,10.39,1.58,8.81,7.82,73.6,50.3,0.15206929740134745,0.1793416572077185,1,0,0,0,0,0,1,0,0,0,1
17,3.76,0.78,2.98,7.99,79.6,60.1,0.20744680851063832,0.26174496644295303,1,0,0,1,0,0,0,0,0,1,0
31,5.9,0.34,5.56,7.58,67.1,49.3,0.0576271186440678,0.061151079136690656,1,0,0,1,0,0,0,0,0,1,0
32,8.76,1.86,6.9,7.83,54.4,30.2,0.2123287671232877,0.26956521739130435,1,0,0,1,0,0,0,0,1,0,0
36,12.18,1.91,10.27,6.69,36.4,0.0,0.1568144499178982,0.18597857838364168,0,1,0,0,0,0,1,0,1,0,0
19,8.7,4.17,4.53,5.83,44.2,8.0,0.4793103448275862,0.9205298013245032,0,1,0,0,0,0,1,0,0,0,1
34,7.18,1.47,5.71,6.95,64.8,43.7,0.20473537604456826,0.2574430823117338,1,0,0,0,1,0,0,0,0,0,1
32,9.11,0.93,8.18,6.95,45.4,20.3,0.10208562019758509,0.11369193154034231,0,0,1,1,0,0,0,0,1,0,0
32,7.47,0.37,7.1,7.65,37.9,1.7,0.049531459170013385,0.05211267605633803,1,0,0,1,0,0,0,0,0,1,0
32,8.97,1.93,7.04,8.09,51.0,29.9,0.21516164994425863,0.27414772727272724,1,0,0,1,0,0,0,0,0,1,0
24,7.98,0.7,7.28,7.12,50.4,7.9,0.08771929824561403,0.09615384615384615,0,1,0,0,0,0,1,0,0,1,0
31,7.22,1.48,5.74,6.19,48.5,9.6,0.20498614958448755,0.2578397212543554,0,1,0,0,0,0,0,1,1,0,0
32,7.16,1.04,6.12,8.02,77.9,59.8,0.1452513966480447,0.16993464052287582,0,1,0,1,0,0,0,0,0,1,0
44,9.52,0.48,9.04,5.56,44.6,0.6,0.05042016806722689,0.05309734513274337,1,0,0,1,0,0,0,0,1,0,0
33,12.39,3.06,9.33,6.57,37.7,7.7,0.2469733656174334,0.3279742765273312,0,1,0,0,0,1,0,0,0,0,1
20,8.8,4.08,4.72,5.71,58.2,16.0,0.4636363636363636,0.864406779661017,0,1,0,0,0,0,0,1,0,0,1
35,8.99,0.51,8.48,6.57,55.6,20.2,0.05672969966629588,0.060141509433962265,0,1,0,1,0,0,0,0,1,0,0
22,9.69,1.16,8.53,6.14,45.5,0.0,0.1197110423116615,0.13599062133645956,0,1,0,1,0,0,0,0,1,0,0
36,9.75,0.49,9.26,7.64,52.8,13.0,0.050256410256410255,0.052915766738660906,1,0,0,0,0,0,1,0,1,0,0
23,12.06,6.27,5.79,5.49,43.2,0.0,0.5199004975124377,1.082901554404145,1,0,0,0,0,0,1,0,0,0,1
37,7.64,3.89,3.75,8.03,70.1,48.9,0.5091623036649215,1.0373333333333334,1,0,0,0,0,0,0,1,0,0,1
33,10.26,1.07,9.19,5.74,42.6,0.0,0.10428849902534114,0.11643090315560393,1,0,0,1,0,0,0,0,1,0,0
36,5.57,1.06,4.51,7.89,73.2,58.5,0.19030520646319568,0.23503325942350334,1,0,0,1,0,0,0,0,0,0,1
45,8.32,2.99,5.33,6.65,49.6,22.6,0.359375,0.5609756097560976,1,0,0,1,0,0,0,0,0,0,1
28,10.63,1.09,9.54,6.49,50.3,18.0,0.10253998118532455,0.11425576519916145,1,0,0,0,0,0,1,0,1,0,0
23,11.09,1.18,9.91,7.07,44.2,0.0,0.10640216411181244,0.11907164480322906,0,1,0,0,0,0,1,0,1,0,0
22,6.55,0.33,6.22,7.75,61.2,19.9,0.05038167938931298,0.053054662379421226,1,0,0,0,0,0,1,0,1,0,0
23,10.33,4.76,5.57,7.85,57.9,28.3,0.46079380445304935,0.8545780969479353,0,1,0,0,0,0,1,0,0,0,1
29,9.98,1.34,8.64,6.83,35.5,8.3,0.1342685370741483,0.1550925925925926,1,0,0,1,0,0,0,0,1,0,0
32,7.99,0.4,7.59,7.47,57.4,28.9,0.05006257822277847,0.05270092226613966,1,0,0,1,0,0,0,0,0,1,0
32,11.22,3.89,7.33,6.39,39.3,0.0,0.34670231729055256,0.5306957708049114,0,1,0,0,0,0,1,0,0,0,1
36,4.1,0.21,3.89,7.99,79.1,45.3,0.051219512195121955,0.05398457583547558,1,0,0,0,0,0,0,1,1,0,0
30,10.48,5.65,4.83,7.18,36.8,0.0,0.5391221374045801,1.1697722567287785,1,0,0,0,0,1,0,0,0,0,1
41,8.57,1.57,7.0,7.15,52.8,17.4,0.18319719953325556,0.22428571428571428,1,0,0,0,0,0,0,1,0,0,1
27,8.16,2.48,5.68,5.7,62.4,30.0,0.30392156862745096,0.4366197183098592,1,0,0,0,1,0,0,0,0,0,1
35,4.56,0.57,3.99,8.06,75.6,47.3,0.125,0.14285714285714285,1,0,0,1,0,0,0,0,1,0,0
23,9.88,1.74,8.14,6.3,51.3,15.0,0.17611336032388664,0.21375921375921375,0,1,0,1,0,0,0,0,1,0,0
21,7.35,0.94,6.41,6.18,53.9,8.2,0.12789115646258503,0.14664586583463338,1,0,0,1,0,0,0,0,1,0,0
33,6.92,0.5,6.42,8.57,79.0,44.5,0.07225433526011561,0.0778816199376947,0,1,0,0,0,0,1,0,0,1,0
28,7.05,0.35,6.7,7.72,59.1,32.0,0.04964539007092198,0.05223880597014925,0,1,0,0,0,1,0,0,0,1,0
35,12.92,2.51,10.41,6.33,43.7,0.2,0.19427244582043343,0.24111431316042264,0,1,0,0,0,0,1,0,1,0,0
33,11.06,2.88,8.18,5.86,28.1,0.0,0.26039783001808314,0.35207823960880197,1,0,0,0,0,0,1,0,0,1,0
29,10.75,6.43,4.32,6.12,66.8,28.6,0.598139534883721,1.4884259259259258,1,0,0,1,0,0,0,0,0,0,1
17,13.51,2.03,11.48,6.35,36.0,0.0,0.15025906735751293,0.1768292682926829,0,1,0,1,0,0,0,0,0,0,1
26,10.19,0.84,9.35,6.39,30.9,0.0,0.08243375858684986,0.08983957219251337,0,1,0,0,0,0,1,0,1,0,0
36,7.02,0.71,6.31,7.81,69.6,36.1,0.10113960113960115,0.11251980982567354,0,1,0,0,0,1,0,0,0,1,0
31,7.34,2.24,5.1,6.66,41.9,16.1,0.30517711171662126,0.43921568627450985,1,0,0,1,0,0,0,0,0,0,1
20,10.4,0.54,9.86,7.94,45.1,0.0,0.051923076923076926,0.05476673427991887,0,1,0,0,0,0,1,0,0,1,0
31,10.82,4.01,6.81,7.87,50.2,19.3,0.3706099815157116,0.5888399412628488,0,1,0,0,0,1,0,0,0,0,1
33,5.85,0.58,5.27,7.18,54.0,20.3,0.09914529914529914,0.11005692599620494,1,0,0,0,0,0,0,1,0,1,0
22,10.95,2.64,8.31,6.17,48.3,7.6,0.24109589041095894,0.3176895306859206,1,0,0,0,0,1,0,0,0,0,1
31,8.08,3.75,4.33,5.1,62.7,30.6,0.46410891089108913,0.8660508083140878,0,1,0,0,0,1,0,0,0,0,1
30,11.65,0.58,11.07,5.47,46.4,0.8,0.04978540772532188,0.05239385727190605,0,1,0,1,0,0,0,0,1,0,0
20,8.93,1.62,7.31,5.89,44.7,0.0,0.18141097424412095,0.22161422708618334,0,1,0,1,0,0,0,0,1,0,0
34,6.09,0.59,5.5,7.27,66.7,27.5,0.09688013136288998,0.10727272727272727,0,1,0,1,0,0,0,0,1,0,0
38,8.64,1.15,7.49,6.11,57.0,29.4,0.13310185185185183,0.1535380507343124,1,0,0,1,0,0,0,0,0,1,0
38,7.71,0.87,6.84,7.1,52.5,24.6,0.11284046692607004,0.12719298245614036,1,0,0,1,0,0,0,0,1,0,0
18,10.68,0.88,9.8,7.08,50.1,6.2,0.08239700374531836,0.08979591836734693,1,0,0,1,0,0,0,0,1,0,0
22,8.73,0.65,8.08,7.43,59.9,26.0,0.07445589919816724,0.08044554455445545,0,1,0,1,0,0,0,0,1,0,0
34,7.3,0.72,6.58,5.83,47.6,0.0,0.09863013698630137,0.1094224924012158,0,1,0,0,0,0,1,0,1,0,0
34,11.14,1.56,9.58,5.66,43.4,0.0,0.1400359066427289,0.162839248434238,1,0,0,1,0,0,0,0,1,0,0
39,11.15,0.56,10.59,6.1,54.3,6.5,0.050224215246636776,0.05288007554296507,0,1,0,1,0,0,0,0,1,0,0
37,5.28,3.59,1.69,7.07,65.4,38.8,0.6799242424242423,2.1242603550295858,1,0,0,1,0,0,0,0,0,0,1
35,7.32,1.08,6.24,6.98,54.6,19.1,0.14754098360655737,0.17307692307692307,1,0,0,1,0,0,0,0,1,0,0
27,9.39,0.47,8.92,5.16,40.6,5.9,0.050053248136315225,0.052690582959641255,1,0,0,0,0,1,0,0,1,0,0
36,11.12,4.7,6.42,7.06,45.4,13.0,0.42266187050359716,0.7320872274143303,1,0,0,1,0,0,0,0,0,0,1
26,11.64,0.68,10.96,5.74,38.1,15.9,0.058419243986254296,0.06204379562043796,1,0,0,1,0,0,0,0,0,1,0
30,9.13,0.98,8.15,6.54,57.5,14.5,0.10733844468784226,0.12024539877300612,0,1,0,0,0,1,0,0,1,0,0
48,7.48,0.48,7.0,6.25,70.8,29.2,0.0641711229946524,0.06857142857142857,1,0,0,1,0,0,0,0,0,1,0
16,10.03,1.22,8.81,5.95,46.8,0.0,0.12163509471585245,0.13847900113507378,0,1,0,1,0,0,0,0,1,0,0
35,5.5,1.97,3.53,6.68,64.2,32.1,0.35818181818181816,0.5580736543909348,0,1,0,0,0,1,0,0,0,0,1
17,9.53,2.23,7.3,7.64,46.6,0.0,0.23399790136411333,0.30547945205479454,0,1,0,0,0,1,0,0,1,0,0
26,8.16,0.92,7.24,6.58,56.6,23.2,0.11274509803921569,0.1270718232044199,1,0,0,1,0,0,0,0,0,1,0
38,9.32,0.8,8.52,7.18,56.3,15.5,0.08583690987124463,0.09389671361502348,0,1,0,0,0,1,0,0,1,0,0
30,7.42,1.06,6.36,6.98,72.9,43.2,0.14285714285714288,0.16666666666666666,0,1,0,1,0,0,0,0,0,1,0
21,8.06,1.85,6.21,6.09,56.6,18.9,0.22952853598014888,0.29790660225442833,1,0,0,1,0,0,0,0,0,1,0
24,9.51,2.33,7.18,6.78,49.0,5.7,0.24500525762355416,0.32451253481894154,1,0,0,1,0,0,0,0,0,0,1
35,11.85,6.4,5.45,7.15,32.7,0.0,0.5400843881856541,1.1743119266055047,0,1,0,1,0,0,0,0,0,0,1
24,10.64,1.25,9.39,5.78,36.5,8.6,0.1174812030075188,0.13312034078807242,0,1,0,0,0,0,1,0,1,0,0
31,7.51,0.73,6.78,7.93,58.5,20.1,0.09720372836218376,0.10766961651917403,0,1,0,0,0,1,0,0,1,0,0
30,6.2,0.31,5.89,6.79,60.7,16.5,0.049999999999999996,0.052631578947368425,0,1,0,0,0,1,0,0,0,1,0
24,7.26,0.96,6.3,6.86,58.8,13.3,0.1322314049586777,0.15238095238095237,0,1,0,0,0,0,1,0,0,1,0
47,10.23,3.11,7.12,7.46,44.1,10.1,0.30400782013685235,0.43679775280898875,1,0,0,0,0,1,0,0,0,0,1
35,10.18,5.4,4.78,6.39,42.1,0.0,0.5304518664047152,1.1297071129707112,1,0,0,0,0,0,1,0,0,0,1
16,8.98,1.47,7.51,6.94,55.5,24.7,0.1636971046770601,0.19573901464713717,1,0,0,1,0,0,0,0,0,1,0
31,10.39,0.96,9.43,6.6,46.3,15.8,0.09239653512993262,0.10180275715800637,0,1,0,1,0,0,0,0,1,0,0
24,8.71,0.48,8.23,7.14,48.5,0.0,0.05510907003444316,0.058323207776427695,1,0,0,0,0,0,1,0,0,1,0
36,9.04,0.45,8.59,5.2,49.9,10.5,0.04977876106194691,0.05238649592549476,0,1,0,0,0,1,0,0,1,0,0
23,7.05,1.19,5.86,5.81,69.1,37.1,0.16879432624113475,0.20307167235494877,0,1,0,0,0,1,0,0,1,0,0
29,7.76,2.5,5.26,7.72,60.6,26.2,0.32216494845360827,0.4752851711026616,0,1,0,1,0,0,0,0,0,0,1
34,6.86,0.72,6.14,8.24,82.7,61.1,0.10495626822157433,0.11726384364820847,1,0,0,0,0,0,1,0,1,0,0
36,10.39,0.57,9.82,6.17,47.9,10.6,0.05486044273339749,0.0580448065173116,0,1,0,1,0,0,0,0,1,0,0
20,10.13,0.51,9.62,6.59,38.6,0.0,0.05034550839091806,0.05301455301455302,1,0,0,1,0,0,0,0,1,0,0
26,8.45,1.83,6.62,7.65,72.5,42.2,0.21656804733727814,0.2764350453172206,1,0,0,1,0,0,0,0,0,1,0
24,10.13,2.55,7.58,5.2,43.8,10.2,0.2517275419545903,0.3364116094986807,1,0,0,1,0,0,0,0,0,1,0
44,9.61,5.75,3.86,6.39,59.5,21.8,0.5983350676378772,1.4896373056994818,0,1,0,1,0,0,0,0,0,0,1
33,12.69,5.84,6.85,6.26,51.4,3.4,0.46020488573680063,0.8525547445255475,1,0,0,1,0,0,0,0,0,0,1
19,11.19,4.91,6.28,7.17,41.0,0.0,0.43878462913315464,0.7818471337579618,1,0,0,1,0,0,0,0,0,0,1
38,9.8,0.65,9.15,5.88,53.2,11.0,0.0663265306122449,0.07103825136612021,0,1,0,1,0,0,0,0,1,0,0
17,6.42,4.43,1.99,7.63,65.6,31.3,0.690031152647975,2.2261306532663316,0,1,0,0,0,0,0,1,0,0,1
26,9.26,0.46,8.8,8.03,65.1,40.4,0.04967602591792657,0.05227272727272727,0,1,0,1,0,0,0,0,1,0,0
40,9.66,1.16,8.5,7.14,50.5,0.4,0.12008281573498963,0.13647058823529412,1,0,0,1,0,0,0,0,1,0,0
33,8.87,1.0,7.87,7.87,48.8,2.8,0.11273957158962797,0.12706480304955528,1,0,0,0,0,0,1,0,0,1,0
36,8.89,2.93,5.96,7.66,65.7,33.6,0.3295838020247469,0.4916107382550336,0,1,0,0,0,0,0,1,0,0,1
22,7.83,1.79,6.04,6.32,60.9,31.3,0.22860791826309068,0.29635761589403975,0,1,0,1,0,0,0,0,1,0,0
29,14.18,2.4,11.78,6.57,48.1,20.4,0.1692524682651622,0.2037351443123939,1,0,0,0,0,0,1,0,0,0,1
16,7.64,0.55,7.09,7.91,58.3,19.3,0.07198952879581152,0.07757404795486601,1,0,0,1,0,0,0,0,1,0,0
21,8.86,0.68,8.18,7.93,50.4,2.1,0.07674943566591423,0.08312958435207825,0,1,0,1,0,0,0,0,0,1,0
27,8.08,1.42,6.66,7.1,43.6,0.0,0.17574257425742573,0.2132132132132132,1,0,0,0,0,0,1,0,1,0,0
20,7.95,0.88,7.07,6.82,67.3,31.8,0.11069182389937107,0.12446958981612447,0,1,0,1,0,0,0,0,0,1,0
43,9.23,6.1,3.13,8.13,52.2,28.3,0.6608884073672805,1.9488817891373802,1,0,0,1,0,0,0,0,0,0,1
18,9.2,2.55,6.65,5.93,39.8,0.0,0.27717391304347827,0.38345864661654133,0,1,0,1,0,0,0,0,0,0,1
26,11.55,0.58,10.97,6.98,56.2,16.1,0.05021645021645021,0.05287146763901549,1,0,0,0,0,0,1,0,1,0,0
31,6.15,0.37,5.78,6.39,64.6,19.4,0.060162601626016256,0.06401384083044982,0,1,0,0,0,1,0,0,1,0,0
41,9.01,2.73,6.28,8.01,49.0,31.8,0.3029966703662597,0.4347133757961783,0,1,0,0,1,0,0,0,0,0,1
18,5.87,3.68,2.19,7.19,62.2,29.6,0.626916524701874,1.680365296803653,0,1,0,0,0,0,0,1,0,0,1
39,10.13,5.13,5.0,7.99,47.1,23.7,0.506416584402764,1.026,0,1,0,1,0,0,0,0,0,0,1
30,10.57,0.53,10.04,7.21,60.4,44.1,0.05014191106906339,0.05278884462151395,0,1,0,0,0,0,1,0,0,1,0
22,12.39,5.27,7.12,5.48,20.6,0.0,0.4253430185633575,0.7401685393258426,0,1,0,1,0,0,0,0,0,0,1
31,9.94,1.11,8.83,8.16,42.2,12.7,0.11167002012072436,0.12570781426953567,0,1,0,0,0,0,1,0,0,0,1
30,10.54,6.2,4.34,6.21,40.4,3.7,0.5882352941176471,1.4285714285714286,1,0,0,1,0,0,0,0,0,0,1
26,7.24,0.67,6.57,7.03,54.0,26.5,0.0925414364640884,0.10197869101978692,0,1,0,1,0,0,0,0,1,0,0
30,9.07,3.61,5.46,7.16,41.9,12.8,0.3980154355016538,0.6611721611721612,0,1,0,1,0,0,0,0,0,0,1
35,9.51,1.26,8.25,6.46,70.3,35.2,0.13249211356466878,0.15272727272727274,0,1,0,1,0,0,0,0,0,1,0
20,5.59,1.48,4.11,7.58,75.1,39.4,0.26475849731663686,0.3600973236009732,1,0,0,0,1,0,0,0,1,0,0
16,8.38,0.42,7.96,7.27,75.7,30.9,0.05011933174224343,0.052763819095477386,0,1,0,1,0,0,0,0,1,0,0
28,9.26,3.6,5.66,6.71,43.6,13.5,0.38876889848812096,0.6360424028268551,1,0,0,0,0,0,1,0,0,0,1
34,12.73,2.63,10.1,6.47,30.5,6.4,0.20659858601728198,0.2603960396039604,0,1,0,1,0,0,0,0,1,0,0
32,10.2,0.51,9.69,6.6,42.2,0.0,0.05,0.052631578947368425,0,1,0,1,0,0,0,0,1,0,0
25,11.67,2.83,8.84,7.25,59.6,15.2,0.24250214224507285,0.32013574660633487,1,0,0,0,0,0,1,0,1,0,0
28,9.75,2.51,7.24,7.81,66.2,30.6,0.2574358974358974,0.34668508287292815,0,1,0,0,0,0,1,0,0,1,0
26,5.03,0.89,4.14,7.83,64.6,35.4,0.1769383697813121,0.21497584541062803,1,0,0,1,0,0,0,0,1,0,0
25,8.88,0.44,8.44,6.75,42.4,11.4,0.04954954954954954,0.05213270142180095,1,0,0,1,0,0,0,0,1,0,0
36,11.12,1.17,9.95,6.76,47.0,2.0,0.1052158273381295,0.11758793969849246,1,0,0,1,0,0,0,0,0,1,0
32,5.35,0.31,5.04,7.63,75.7,40.7,0.05794392523364486,0.061507936507936505,0,1,0,0,0,0,0,1,1,0,0
24,10.38,4.83,5.55,6.14,49.2,4.0,0.46531791907514447,0.8702702702702703,1,0,0,0,0,0,1,0,0,0,1
37,10.79,0.54,10.25,7.31,46.8,19.1,0.050046339202965716,0.0526829268292683,1,0,0,1,0,0,0,0,1,0,0
32,7.38,1.53,5.85,7.68,49.5,18.1,0.20731707317073172,0.26153846153846155,1,0,0,0,0,0,0,1,0,1,0
36,10.13,2.61,7.52,8.17,40.6,9.0,0.2576505429417571,0.3470744680851064,0,1,0,1,0,0,0,0,0,0,1
35,6.4,0.54,5.86,8.49,66.9,36.9,0.084375,0.09215017064846416,0,1,0,1,0,0,0,0,1,0,0
23,8.62,3.15,5.47,6.49,38.6,4.9,0.36542923433874713,0.5758683729433273,1,0,0,1,0,0,0,0,0,0,1
25,11.05,0.81,10.24,7.35,34.4,3.6,0.07330316742081448,0.0791015625,1,0,0,1,0,0,0,0,1,0,0
35,8.55,2.65,5.9,6.41,47.8,10.7,0.30994152046783624,0.4491525423728813,0,1,0,0,1,0,0,0,0,0,1
34,10.36,0.52,9.84,7.44,46.3,20.7,0.0501930501930502,0.052845528455284556,1,0,0,1,0,0,0,0,1,0,0
29,6.82,0.98,5.84,6.95,48.1,10.0,0.14369501466275658,0.1678082191780822,1,0,0,0,0,1,0,0,1,0,0
30,12.63,1.68,10.95,5.69,41.9,10.7,0.1330166270783848,0.15342465753424658,1,0,0,0,0,0,1,0,0,0,1
40,10.07,1.71,8.36,7.21,43.4,8.1,0.16981132075471697,0.20454545454545456,1,0,0,0,0,0,1,0,1,0,0
25,10.44,1.87,8.57,4.64,52.2,9.4,0.17911877394636017,0.21820303383897316,1,0,0,0,0,0,1,0,0,1,0
34,7.77,1.38,6.39,5.87,49.8,14.8,0.1776061776061776,0.21596244131455397,1,0,0,1,0,0,0,0,0,1,0
28,8.45,2.96,5.49,6.97,60.2,39.6,0.3502958579881657,0.5391621129326047,1,0,0,1,0,0,0,0,0,0,1
28,7.77,3.57,4.2,7.28,56.6,19.0,0.4594594594594595,0.85,0,1,0,0,0,1,0,0,0,0,1
38,8.56,3.17,5.39,6.9,49.7,8.8,0.37032710280373826,0.588126159554731,1,0,0,1,0,0,0,0,0,0,1
36,5.18,0.73,4.45,6.42,60.8,33.6,0.14092664092664092,0.16404494382022472,0,1,0,0,0,0,0,1,0,1,0
36,9.55,1.33,8.22,6.37,49.6,4.6,0.13926701570680627,0.16180048661800486,0,1,0,0,0,0,1,0,0,1,0
40,9.73,1.55,8.18,7.35,38.1,0.0,0.1593011305241521,0.18948655256723718,1,0,0,0,0,1,0,0,1,0,0
30,6.71,1.59,5.12,7.86,55.3,23.3,0.23695976154992549,0.310546875,0,1,0,1,0,0,0,0,0,1,0
35,7.17,1.87,5.3,7.36,80.2,51.1,0.2608089260808926,0.3528301886792453,1,0,0,1,0,0,0,0,1,0,0
27,7.77,0.39,7.38,8.13,72.7,41.2,0.0501930501930502,0.052845528455284556,0,1,0,0,0,1,0,0,1,0,0
32,11.71,3.83,7.88,6.98,40.6,0.0,0.3270708795900939,0.4860406091370559,1,0,0,1,0,0,0,0,0,0,1
28,10.02,0.5,9.52,6.28,40.8,2.1,0.0499001996007984,0.052521008403361345,1,0,0,1,0,0,0,0,0,1,0
30,13.4,4.99,8.41,6.17,43.6,3.1,0.3723880597014925,0.5933412604042806,1,0,0,0,0,0,1,0,0,0,1
34,9.01,0.45,8.56,5.97,63.7,34.9,0.049944506104328525,0.052570093457943924,0,0,1,0,0,0,1,0,0,1,0
23,3.64,0.29,3.35,7.7,88.8,65.3,0.07967032967032966,0.08656716417910447,1,0,0,0,0,0,0,1,0,1,0
46,9.17,0.46,8.71,8.07,54.7,16.2,0.05016357688113413,0.05281285878300803,0,1,0,1,0,0,0,0,0,1,0
21,11.2,4.76,6.44,7.18,40.8,21.3,0.425,0.7391304347826086,1,0,0,1,0,0,0,0,0,0,1
20,9.78,1.49,8.29,7.95,49.5,19.3,0.1523517382413088,0.17973462002412546,0,1,0,1,0,0,0,0,1,0,0
39,8.12,5.53,2.59,7.03,52.5,9.7,0.6810344827586208,2.1351351351351355,1,0,0,0,0,0,1,0,0,0,1
36,9.61,3.45,6.16,8.1,84.0,68.4,0.35900104058272636,0.560064935064935,0,1,0,0,0,0,1,0,0,0,1
34,13.08,2.05,11.03,6.32,40.5,6.6,0.15672782874617736,0.18585675430643697,1,0,0,1,0,0,0,0,0,0,1
35,10.7,2.18,8.52,8.02,64.0,26.4,0.20373831775700937,0.255868544600939,1,0,0,1,0,0,0,0,0,1,0
29,10.31,6.31,4.0,6.83,38.4,0.0,0.612027158098933,1.5775,1,0,0,0,0,0,1,0,0,0,1
22,10.6,1.33,9.27,7.3,62.5,19.1,0.12547169811320755,0.1434735706580367,1,0,0,1,0,0,0,0,1,0,0
30,11.1,3.99,7.11,7.92,57.4,42.3,0.3594594594594595,0.5611814345991561,0,1,0,0,0,0,1,0,0,0,1
24,10.12,2.4,7.72,6.67,47.5,0.0,0.23715415019762848,0.31088082901554404,1,0,0,1,0,0,0,0,1,0,0
37,6.85,0.41,6.44,7.62,53.8,25.1,0.059854014598540145,0.06366459627329192,0,1,0,1,0,0,0,0,1,0,0
28,9.72,0.67,9.05,7.95,44.8,10.4,0.06893004115226338,0.07403314917127071,1,0,0,1,0,0,0,0,1,0,0
23,10.6,2.29,8.31,6.63,31.4,0.0,0.2160377358490566,0.27557160048134777,0,1,0,1,0,0,0,0,0,1,0
27,11.54,0.95,10.59,5.58,39.1,0.0,0.08232235701906412,0.08970727101038715,1,0,0,1,0,0,0,0,1,0,0
33,11.28,2.5,8.78,8.45,62.5,35.4,0.22163120567375888,0.2847380410022779,1,0,0,0,0,0,1,0,0,1,0
25,8.89,0.94,7.95,6.64,46.3,10.3,0.10573678290213721,0.11823899371069181,0,1,0,0,0,0,1,0,0,1,0
23,9.14,2.87,6.27,7.09,38.4,6.2,0.31400437636761486,0.4577352472089315,1,0,0,1,0,0,0,0,0,0,1
31,9.43,0.47,8.96,7.92,54.5,10.6,0.04984093319194061,0.05245535714285714,1,0,0,1,0,0,0,0,0,1,0
31,4.96,2.68,2.28,7.18,57.1,32.8,0.5403225806451614,1.1754385964912282,0,1,0,1,0,0,0,0,0,0,1
25,4.48,1.11,3.37,6.87,67.1,34.0,0.24776785714285715,0.3293768545994065,0,1,0,1,0,0,0,0,0,1,0
26,6.34,0.78,5.56,7.61,67.5,33.6,0.12302839116719244,0.14028776978417268,1,0,0,1,0,0,0,0,1,0,0
31,10.42,2.58,7.84,5.41,58.2,4.9,0.24760076775431863,0.32908163265306123,1,0,0,0,0,1,0,0,0,1,0
18,6.85,0.44,6.41,7.02,58.6,15.6,0.06423357664233577,0.0686427457098284,0,1,0,1,0,0,0,0,0,1,0
18,9.39,1.37,8.02,7.07,61.3,28.5,0.14589989350372737,0.17082294264339154,1,0,0,0,0,0,1,0,0,1,0
24,6.67,0.53,6.14,7.12,58.6,23.4,0.07946026986506748,0.08631921824104236,1,0,0,1,0,0,0,0,0,1,0
28,10.19,5.48,4.71,5.62,43.7,0.0,0.5377821393523062,1.1634819532908707,1,0,0,0,0,0,1,0,0,0,1
32,13.59,5.85,7.74,7.66,23.2,0.0,0.4304635761589404,0.755813953488372,0,1,0,0,0,0,1,0,0,0,1
28,7.06,1.54,5.52,7.11,39.8,5.6,0.2181303116147309,0.27898550724637683,1,0,0,1,0,0,0,0,1,0,0
29,9.87,2.41,7.46,6.21,41.1,8.5,0.24417426545086124,0.3230563002680965,1,0,0,1,0,0,0,0,1,0,0
21,6.97,0.35,6.62,7.48,47.3,13.6,0.05021520803443329,0.052870090634441085,0,1,0,1,0,0,0,0,0,1,0
29,12.02,2.21,9.81,6.41,39.7,12.0,0.18386023294509152,0.22528032619775737,1,0,0,1,0,0,0,0,1,0,0
27,6.9,0.77,6.13,6.39,63.0,28.3,0.11159420289855072,0.12561174551386622,1,0,0,0,0,0,1,0,0,1,0
32,5.74,1.57,4.17,8.73,84.8,47.2,0.2735191637630662,0.37649880095923266,0,1,0,1,0,0,0,0,0,0,1
23,10.97,1.43,9.54,6.19,46.0,0.4,0.13035551504102094,0.149895178197065,1,0,0,1,0,0,0,0,0,1,0
34,10.24,0.51,9.73,5.43,36.9,0.0,0.0498046875,0.05241521068859198,0,1,0,0,0,0,1,0,0,1,0
42,6.26,0.94,5.32,8.64,67.8,57.1,0.1501597444089457,0.17669172932330826,1,0,0,1,0,0,0,0,1,0,0
29,11.49,0.75,10.74,6.26,30.2,0.0,0.06527415143603132,0.06983240223463687,1,0,0,0,0,0,1,0,1,0,0
33,10.39,0.52,9.87,6.39,34.8,0.0,0.05004812319538017,0.05268490374873354,1,0,0,0,0,0,1,0,0,1,0
35,8.72,2.36,6.36,5.73,39.6,3.3,0.2706422018348624,0.3710691823899371,0,1,0,1,0,0,0,0,0,0,1
26,11.58,5.71,5.87,8.02,52.1,22.3,0.4930915371329879,0.9727427597955707,0,1,0,0,0,0,1,0,0,0,1
31,7.73,1.52,6.21,6.22,51.9,20.7,0.1966364812419146,0.24476650563607086,0,1,0,1,0,0,0,0,1,0,0
30,11.64,6.11,5.53,6.7,48.6,8.2,0.5249140893470791,1.104882459312839,1,0,0,1,0,0,0,0,0,0,1
30,8.06,2.81,5.25,7.92,63.3,37.3,0.3486352357320099,0.5352380952380953,0,1,0,0,0,1,0,0,0,0,1
23,9.05,3.83,5.22,7.31,54.9,18.5,0.42320441988950275,0.7337164750957855,1,0,0,0,0,0,1,0,0,0,1
30,12.03,4.84,7.19,6.55,46.8,1.2,0.4023275145469659,0.6731571627260083,1,0,0,0,0,0,1,0,0,0,1
33,11.21,4.81,6.4,5.39,34.1,0.5,0.4290811775200713,0.7515624999999999,0,1,0,0,0,0,1,0,0,0,1
41,10.37,0.81,9.56,6.31,45.0,3.0,0.07810993249758921,0.08472803347280335,1,0,0,1,0,0,0,0,0,1,0
37,5.98,0.5,5.48,7.72,72.5,43.3,0.08361204013377926,0.09124087591240876,1,0,0,1,0,0,0,0,1,0,0
47,7.77,0.96,6.81,6.77,44.3,0.0,0.12355212355212356,0.14096916299559473,1,0,0,0,0,0,1,0,0,1,0
23,10.19,2.64,7.55,6.96,56.0,13.8,0.2590775269872424,0.34966887417218545,1,0,0,0,0,0,0,1,1,0,0
36,11.61,5.33,6.28,7.26,59.1,25.1,0.45908699397071495,0.8487261146496815,1,0,0,0,0,0,1,0,0,0,1
31,6.03,0.79,5.24,8.28,76.5,50.5,0.13101160862354894,0.15076335877862596,0,1,0,1,0,0,0,0,1,0,0
47,5.0,0.67,4.33,6.84,63.0,27.3,0.134,0.15473441108545036,1,0,0,1,0,0,0,0,1,0,0
23,9.62,4.12,5.5,8.64,56.5,23.8,0.4282744282744283,0.7490909090909091,0,1,0,0,0,1,0,0,0,0,1
23,14.02,3.21,10.81,6.84,47.3,10.2,0.2289586305278174,0.29694727104532836,0,1,0,1,0,0,0,0,1,0,0
25,14.07,4.54,9.53,6.24,40.4,5.8,0.3226723525230988,0.47639034627492133,1,0,0,0,0,1,0,0,0,0,1
16,7.41,1.01,6.4,8.02,81.0,67.8,0.13630229419703105,0.1578125,1,0,0,1,0,0,0,0,1,0,0
31,10.44,3.97,6.47,6.66,50.4,16.7,0.3802681992337165,0.6136012364760434,1,0,0,0,0,1,0,0,0,0,1
32,5.84,0.4,5.44,5.64,43.8,7.0,0.06849315068493152,0.07352941176470588,0,1,0,1,0,0,0,0,0,1,0
45,8.62,1.94,6.68,7.41,49.9,7.1,0.22505800464037123,0.2904191616766467,1,0,0,0,0,1,0,0,1,0,0
37,10.34,3.55,6.79,7.21,32.8,4.5,0.34332688588007737,0.5228276877761413,0,1,0,1,0,0,0,0,0,0,1
25,10.47,1.05,9.42,6.75,50.4,16.8,0.10028653295128939,0.11146496815286625,1,0,0,1,0,0,0,0,0,1,0
22,11.79,6.19,5.6,6.03,36.5,0.0,0.5250212044105175,1.105357142857143,1,0,0,1,0,0,0,0,0,0,1
33,7.49,1.21,6.28,5.67,51.2,7.7,0.16154873164218958,0.19267515923566877,0,1,0,1,0,0,0,0,1,0,0
19,10.75,0.84,9.91,6.98,34.4,0.0,0.07813953488372093,0.08476286579212916,0,1,0,0,0,0,1,0,0,1,0
44,10.97,4.21,6.76,8.06,38.8,1.9,0.38377392889699175,0.6227810650887574,1,0,0,0,0,0,1,0,0,0,1
39,14.0,6.2,7.8,5.92,43.5,5.7,0.4428571428571429,0.7948717948717949,0,1,0,0,0,0,1,0,0,0,1
26,6.43,2.99,3.44,7.75,64.6,39.3,0.4650077760497668,0.869186046511628,1,0,0,0,0,0,1,0,0,0,1
16,9.59,5.44,4.15,5.57,47.4,3.5,0.56725755995829,1.310843373493976,0,1,0,0,0,1,0,0,0,0,1
40,8.72,2.36,6.36,7.56,57.3,6.6,0.2706422018348624,0.3710691823899371,0,1,0,0,0,0,1,0,0,0,1
29,5.04,0.94,4.1,7.32,63.6,21.0,0.18650793650793648,0.22926829268292684,1,0,0,0,1,0,0,0,1,0,0
39,8.86,3.82,5.04,6.55,41.4,8.4,0.43115124153498874,0.7579365079365079,1,0,0,1,0,0,0,0,0,0,1
